{
  "popularity_score":{
    "Kris":0.687656656,
    "Sans":0.553585784,
    "Gaster":0.5381248891,
    "Roaring Knight":0.4693694379,
    "Tenna":0.4336173209,
    "Susie":0.4060470428,
    "Spamton":0.3492890995,
    "King":0.3139812741,
    "Papyrus":0.274477394,
    "Garson":0.2578070104,
    "Noelle":0.2283180061,
    "Undyne":0.2247125776,
    "Ralsei":0.2121835869,
    "Dess":0.1955718982,
    "Carol":0.1816293966,
    "Toriel":0.1644124439,
    "Queen":0.1591699396,
    "Asgore":0.0849823175,
    "Jevil":0.0606935208,
    "Asriel":0.0439070791,
    "Alphys":0.0200775528
  }
}